Player,Span,Mat,Inns,NO,Runs,HS,Ave,BF,SR,100,50,0,4s,6s
GJ Maxwell (DC/KXIP/MI/RCB),2012-2024,134,129,17,2771,95,24.74,1768,156.73,-,18,18,232,160
KD Karthik (DC/GL/KKR/KXIP/MI/RCB),2008-2024,257,234,50,4842,97*,26.31,3577,135.36,-,22,18,466,161
RG Sharma (DCH/MI),2008-2024,257,252,29,6628,109*,29.72,5054,131.14,2,43,17,599,280
PP Chawla (CSK/KKR/KXIP/MI),2008-2024,192,92,36,624,24*,11.14,563,110.83,-,-,16,56,20
SP Narine (KKR),2012-2024,177,110,20,1534,109,17.04,925,165.83,1,7,16,164,97
Rashid Khan (GT/SRH),2017-2024,121,60,23,545,79*,14.72,337,161.72,-,1,15,39,38
Mandeep Singh (DC/KKR/KXIP/PBKS/RCB),2010-2023,111,98,16,1706,77*,20.8,1388,122.91,-,6,15,176,38
MK Pandey (DC/KKR/LSG/MI/PWI/RCB/SRH),2008-2024,171,159,27,3850,114*,29.16,3179,121.1,1,22,14,335,110
AT Rayudu (CSK/MI),2010-2023,204,187,33,4348,100*,28.23,3409,127.54,1,22,14,359,173
Harbhajan Singh (CSK/KKR/MI),2008-2021,163,90,37,833,64,15.71,604,137.91,-,1,13,79,42
PA Patel (CSK/DCH/Kochi/MI/RCB/SRH),2008-2019,139,137,11,2848,81,22.6,2358,120.78,-,13,13,365,49
AM Rahane (CSK/DC/KKR/MI/RPS/RR),2008-2024,185,171,17,4642,105*,30.14,3761,123.42,2,30,13,478,103
R Ashwin (CSK/DC/KXIP/RPS/RR),2009-2024,212,94,34,800,50,13.33,675,118.51,-,1,12,61,28
G Gambhir (DC/KKR),2008-2018,154,152,16,4217,93,31.0,3404,123.88,-,36,12,492,59
SV Samson (DC/RR),2013-2024,168,163,19,4419,119,30.68,3180,138.96,3,25,11,352,206
DA Warner (DC/SRH),2009-2024,184,184,22,6565,126,40.52,4697,139.77,4,62,11,663,236
S Dhawan (DC/DCH/MI/PBKS/SRH),2008-2024,222,221,29,6769,106*,35.25,5324,127.14,2,51,11,768,152
A Mishra (DC/DCH/LSG/SRH),2008-2024,162,57,25,381,31,11.9,419,90.93,-,-,10,31,5
SA Yadav (KKR/MI),2012-2024,150,135,23,3594,103*,32.08,2473,145.32,2,24,10,385,130
AB de Villiers (DC/RCB),2008-2021,184,170,40,5162,133*,39.7,3403,151.68,3,40,10,413,251
V Kohli (RCB),2008-2024,252,244,37,8004,113*,38.66,6065,131.97,8,55,10,705,272
HV Patel (DC/PBKS/RCB),2012-2024,106,42,15,249,36*,9.22,203,122.66,-,-,9,16,15
CH Morris (CSK/DC/RCB/RR),2013-2021,81,51,23,618,82*,22.07,398,155.27,-,2,9,41,35
P Kumar (GL/KXIP/MI/RCB/SRH),2008-2017,119,59,21,340,34,8.94,314,108.28,-,-,9,22,17
N Pooran (KXIP/LSG/PBKS/SRH),2019-2024,76,73,18,1769,77,32.16,1090,162.29,-,9,9,112,127
MP Stoinis (DC/KXIP/LSG/RCB),2016-2024,96,88,22,1866,124*,28.27,1314,142.0,1,9,9,150,91
JH Kallis (KKR/RCB),2008-2014,98,96,11,2427,89*,28.55,2222,109.22,-,17,9,255,44
YK Pathan (KKR/RR/SRH),2008-2019,174,154,44,3204,100,29.12,2241,142.97,1,13,9,262,158
R Sharma (DC/DCH/PWI),2010-2014,44,20,6,66,14*,4.71,75,88.0,-,-,8,5,3
RD Chahar (MI/PBKS/RPS),2017-2024,78,24,8,129,25*,8.06,124,104.03,-,-,8,13,5
UT Yadav (DC/GT/KKR/RCB),2010-2024,148,52,31,208,24*,9.9,201,103.48,-,-,8,16,9
MK Tiwary (DC/KKR/KXIP/RPS),2008-2018,98,85,26,1695,75*,28.72,1449,116.97,-,7,8,156,40
DR Smith (CSK/DCH/GL/MI),2008-2017,91,89,5,2385,87*,28.39,1764,135.2,-,17,8,245,117
AJ Finch (DC/GL/KKR/KXIP/MI/PWI/RCB/RR/SRH),2010-2022,92,90,7,2091,88*,25.19,1631,128.2,-,15,8,214,78
NV Ojha (DC/RR/SRH),2009-2018,113,94,19,1554,94*,20.72,1313,118.35,-,6,8,121,79
Ishan Kishan (GL/MI),2016-2024,105,99,6,2644,99,28.43,1946,135.86,-,16,8,255,119
CH Gayle (KKR/KXIP/PBKS/RCB),2009-2021,142,141,16,4965,175*,39.72,3333,148.96,6,31,8,404,357
RA Jadeja (CSK/GL/Kochi/RR),2008-2024,240,184,76,2959,62*,27.39,2280,129.78,-,3,8,215,107
RV Uthappa (CSK/KKR/MI/PWI/RCB/RR),2008-2022,205,197,17,4952,88,27.51,3799,130.35,-,27,8,481,182
SK Raina (CSK/GL),2008-2021,205,200,30,5528,100*,32.51,4043,136.73,1,39,8,506,203
SK Warne (RR),2008-2011,55,29,9,198,34*,9.9,214,92.52,-,-,7,14,6
SN Thakur (CSK/DC/KKR/KXIP/RPS),2015-2024,95,37,12,307,68,12.28,221,138.91,-,1,7,27,13
STR Binny (MI/RCB/RR),2010-2019,95,68,22,880,48*,19.13,683,128.84,-,-,7,66,35
PP Shaw (DC),2018-2024,79,79,-,1892,99,23.94,1283,147.46,-,14,7,238,61
AC Gilchrist (DCH/KXIP),2008-2013,80,80,4,2069,109*,27.22,1495,138.39,2,11,7,239,92
N Rana (KKR/MI),2016-2024,107,101,9,2636,87,28.65,1952,135.04,-,18,7,234,132
V Sehwag (DC/KXIP),2008-2015,104,104,5,2728,122,27.55,1755,155.44,2,16,7,334,106
JC Buttler (MI/RR),2016-2024,107,106,12,3582,124,38.1,2428,147.52,7,19,7,355,161
AR Patel (DC/KXIP),2014-2024,150,113,36,1653,66,21.46,1263,130.87,-,3,7,107,79
MA Agarwal (DC/KXIP/PBKS/RCB/RPS/SRH),2011-2024,127,121,4,2661,106,22.74,2000,133.05,1,13,7,263,98
F du Plessis (CSK/RCB/RPS),2012-2024,145,138,11,4571,96,35.99,3352,136.36,-,37,7,421,166
SR Watson (CSK/RCB/RR),2008-2020,145,141,16,3874,117*,30.99,2809,137.91,4,21,7,375,190
WP Saha (CSK/GT/KKR/KXIP/SRH),2008-2024,170,145,24,2934,115*,24.24,2300,127.56,1,13,7,296,87
AB Dinda (DC/KKR/PWI/RCB/RPS),2008-2017,78,17,7,26,7,2.6,48,54.16,-,-,6,2,0
S Nadeem (DC/SRH),2011-2021,72,22,8,39,6*,2.78,87,44.82,-,-,6,2,0
PP Ojha (DCH/MI),2008-2015,92,23,11,16,3,1.33,45,35.55,-,-,6,0,0
MJ McClenaghan (MI),2015-2019,56,24,11,85,20,6.53,70,121.42,-,-,6,5,7
SL Malinga (MI),2009-2019,122,25,9,88,17,5.5,99,88.88,-,-,6,6,5
M Manhas (CSK/DC/PWI),2008-2014,55,38,15,514,42*,22.34,470,109.36,-,-,6,43,10
TM Dilshan (DC/RCB),2008-2013,52,50,7,1153,76*,26.81,1007,114.49,-,9,6,140,24
RD Gaikwad (CSK),2020-2024,66,65,8,2380,108*,41.75,1739,136.86,2,18,6,217,91
S Badrinath (CSK),2008-2013,95,67,20,1441,71*,30.65,1212,118.89,-,11,6,154,28
B Kumar (PWI/SRH),2011-2024,176,68,33,306,27,8.74,326,93.86,-,-,6,30,3
EJG Morgan (KKR/KXIP/RCB/SRH),2010-2021,83,75,13,1405,68*,22.66,1146,122.6,-,5,6,112,64
KM Jadhav (CSK/DC/Kochi/RCB/SRH),2010-2023,95,81,27,1208,69,22.37,981,123.13,-,4,6,102,40
BB McCullum (CSK/GL/KKR/Kochi/RCB),2008-2018,109,109,5,2880,158*,27.69,2186,131.74,2,13,6,293,130
KH Pandya (LSG/MI),2016-2024,127,111,38,1647,86,22.56,1240,132.82,-,1,6,144,61
SS Iyer (DC/KKR),2015-2024,116,115,18,3127,96,32.23,2453,127.47,-,21,6,271,113
HH Pandya (GT/MI),2015-2024,137,128,40,2525,91,28.69,1734,145.61,-,10,6,189,136
MS Dhoni (CSK/RPS),2008-2024,264,229,95,5243,84*,39.12,3812,137.53,-,24,6,363,252
L Balaji (CSK/KKR/KXIP),2008-2014,73,15,7,36,15,4.5,49,73.46,-,-,5,2,1
MM Patel (GL/MI/RR),2008-2017,63,15,9,39,23*,6.5,41,95.12,-,-,5,5,0
A Nehra (CSK/DC/MI/PWI/SRH),2008-2017,88,22,15,41,22*,5.85,62,66.12,-,-,5,3,1
M Morkel (DC/KKR/RR),2009-2016,70,23,12,126,23*,11.45,90,140.0,-,-,5,11,4
AP Tare (DC/MI/SRH),2010-2017,35,28,4,339,59,14.12,273,124.17,-,1,5,40,11
JJ Bumrah (MI),2013-2024,133,30,23,68,16*,9.71,78,87.17,-,-,5,5,1
RP Singh (DCH/Kochi/MI/RCB/RPS),2008-2016,82,30,15,52,10,3.46,76,68.42,-,-,5,2,1
Z Khan (DC/MI/RCB),2008-2017,100,32,18,117,23*,8.35,141,82.97,-,-,5,11,2
Kuldeep Yadav (DC/KKR),2016-2024,84,33,21,183,35*,15.25,216,84.72,-,-,5,16,3
MR Marsh (DC/DCH/PWI/RPS/SRH),2010-2024,42,36,2,665,89,19.55,521,127.63,-,3,5,48,38
DW Steyn (DCH/GL/RCB/SRH),2008-2020,95,37,15,167,19*,7.59,160,104.37,-,-,5,14,3
MM Ali (CSK/RCB),2018-2024,67,57,6,1162,93,22.78,821,141.53,-,6,5,95,67
D Padikkal (LSG/RCB/RR),2020-2024,64,64,2,1559,101*,25.14,1266,123.14,1,9,5,169,42
AD Russell (DC/KKR),2012-2024,127,105,20,2484,88*,29.22,1420,174.92,-,11,5,170,209
M Vijay (CSK/DC/KXIP),2009-2020,106,106,5,2619,127,25.93,2149,121.87,2,13,5,247,91
DJ Bravo (CSK/GL/MI),2008-2022,161,113,44,1560,70*,22.6,1204,129.56,-,5,5,120,66
KA Pollard (MI),2010-2022,189,171,52,3412,87*,28.67,2316,147.32,-,16,5,218,223
KK Ahmed (DC/SRH),2018-2024,57,5,-,1,1,0.2,7,14.28,-,-,4,0,0
PJ Sangwan (DC/GL/GT/KKR/MI),2008-2022,42,15,7,26,6*,3.25,44,59.09,-,-,4,1,0
UBT Chand (DC/MI/RR),2011-2016,21,20,-,300,58,15.0,300,100.0,-,1,4,32,9
VVS Laxman (DCH/Kochi),2008-2011,20,20,2,282,52,15.66,267,105.61,-,1,4,33,5
Anuj Rawat (RCB/RR),2021-2024,24,21,5,318,66,19.87,267,119.1,-,1,4,26,14
SP Goswami (KKR/RCB/RR/SRH),2008-2020,31,21,1,293,52,14.65,295,99.32,-,1,4,32,3
S Gopal (MI/RR/SRH),2014-2024,52,22,8,180,24,12.85,169,106.5,-,-,4,19,2
RR Rossouw (DC/PBKS/RCB),2014-2024,22,22,2,473,82*,23.65,308,153.57,-,2,4,45,25
TM Head (RCB/SRH),2016-2024,25,25,4,772,102,36.76,444,173.87,1,5,4,76,40
Mohammed Shami (DC/GT/KKR/KXIP/PBKS),2013-2023,110,25,12,74,21,5.69,79,93.67,-,-,4,6,2
Sandeep Sharma (KXIP/PBKS/RR/SRH),2013-2024,127,27,21,54,9,9.0,70,77.14,-,-,4,4,0
JD Ryder (PWI/RCB),2009-2012,29,29,1,604,86,21.57,458,131.87,-,4,4,69,19
K Rabada (DC/PBKS),2017-2024,80,31,14,206,44,12.11,193,106.73,-,-,4,16,8
